Año,Fecha (dd/mm/aaaa),TRM,Día del mes,Mes,Id Mes
2016,2016-12-31,"3000,71",31,Diciembre,12
2016,2016-12-30,"3000,71",30,Diciembre,12
2016,2016-12-29,"3019,72",29,Diciembre,12
2016,2016-12-28,"2992,81",28,Diciembre,12
2016,2016-12-27,"2996,6",27,Diciembre,12
2016,2016-12-26,"2996,6",26,Diciembre,12
2016,2016-12-25,"2996,6",25,Diciembre,12
2016,2016-12-24,"2996,6",24,Diciembre,12
2016,2016-12-23,"2996,03",23,Diciembre,12
2016,2016-12-22,"2989,14",22,Diciembre,12
2016,2016-12-21,"2988,06",21,Diciembre,12
2016,2016-12-20,"3019,44",20,Diciembre,12
2016,2016-12-19,"2997,2",19,Diciembre,12
2016,2016-12-18,"2997,2",18,Diciembre,12
2016,2016-12-17,"2997,2",17,Diciembre,12
2016,2016-12-16,"3000,47",16,Diciembre,12
2016,2016-12-15,"2964,56",15,Diciembre,12
2016,2016-12-14,"2982,29",14,Diciembre,12
2016,2016-12-13,"2984,02",13,Diciembre,12
2016,2016-12-12,"3002,8",12,Diciembre,12
2016,2016-12-11,"3002,8",11,Diciembre,12
2016,2016-12-10,"3002,8",10,Diciembre,12
2016,2016-12-09,"2989,71",9,Diciembre,12
2016,2016-12-08,"2989,71",8,Diciembre,12
2016,2016-12-07,"3015,47",7,Diciembre,12
2016,2016-12-06,"3049,47",6,Diciembre,12
2016,2016-12-05,"3061,04",5,Diciembre,12
2016,2016-12-04,"3061,04",4,Diciembre,12
2016,2016-12-03,"3061,04",3,Diciembre,12
2016,2016-12-02,"3068,34",2,Diciembre,12
2016,2016-12-01,"3085,6",1,Diciembre,12
2016,2016-11-30,"3165,09",30,Noviembre,11
2016,2016-11-29,"3142,2",29,Noviembre,11
2016,2016-11-28,"3170,64",28,Noviembre,11
2016,2016-11-27,"3170,64",27,Noviembre,11
2016,2016-11-26,"3170,64",26,Noviembre,11
2016,2016-11-25,"3187,97",25,Noviembre,11
2016,2016-11-24,"3187,97",24,Noviembre,11
2016,2016-11-23,"3139,76",23,Noviembre,11
2016,2016-11-22,"3144,72",22,Noviembre,11
2016,2016-11-21,"3163,49",21,Noviembre,11
2016,2016-11-20,"3163,49",20,Noviembre,11
2016,2016-11-19,"3163,49",19,Noviembre,11
2016,2016-11-18,"3135,65",18,Noviembre,11
2016,2016-11-17,"3131,11",17,Noviembre,11
2016,2016-11-16,"3124,91",16,Noviembre,11
2016,2016-11-15,"3100,12",15,Noviembre,11
2016,2016-11-14,"3100,12",14,Noviembre,11
2016,2016-11-13,"3100,12",13,Noviembre,11
2016,2016-11-12,"3100,12",12,Noviembre,11
2016,2016-11-11,"3100,12",11,Noviembre,11
2016,2016-11-10,"3012,12",10,Noviembre,11
2016,2016-11-09,"2984,78",9,Noviembre,11
2016,2016-11-08,"3070,4",8,Noviembre,11
2016,2016-11-07,"3070,4",7,Noviembre,11
2016,2016-11-06,"3070,4",6,Noviembre,11
2016,2016-11-05,"3070,4",5,Noviembre,11
2016,2016-11-04,"3071,12",4,Noviembre,11
2016,2016-11-03,"3070,54",3,Noviembre,11
2016,2016-11-02,"3026,68",2,Noviembre,11
2016,2016-11-01,"2998,55",1,Noviembre,11
2016,2016-10-31,"2967,66",31,Octubre,10
2016,2016-10-30,"2967,66",30,Octubre,10
2016,2016-10-29,"2967,66",29,Octubre,10
2016,2016-10-28,"2966,61",28,Octubre,10
2016,2016-10-27,"2965,18",27,Octubre,10
2016,2016-10-26,"2941,34",26,Octubre,10
2016,2016-10-25,"2929,83",25,Octubre,10
2016,2016-10-24,"2944,25",24,Octubre,10
2016,2016-10-23,"2944,25",23,Octubre,10
2016,2016-10-22,"2944,25",22,Octubre,10
2016,2016-10-21,"2934,03",21,Octubre,10
2016,2016-10-20,"2914,15",20,Octubre,10
2016,2016-10-19,"2905,93",19,Octubre,10
2016,2016-10-18,"2915,67",18,Octubre,10
2016,2016-10-17,"2915,67",17,Octubre,10
2016,2016-10-16,"2915,67",16,Octubre,10
2016,2016-10-15,"2915,67",15,Octubre,10
2016,2016-10-14,"2930,78",14,Octubre,10
2016,2016-10-13,"2919,18",13,Octubre,10
2016,2016-10-12,"2919,51",12,Octubre,10
2016,2016-10-11,"2913,96",11,Octubre,10
2016,2016-10-10,"2913,96",10,Octubre,10
2016,2016-10-09,"2913,96",9,Octubre,10
2016,2016-10-08,"2913,96",8,Octubre,10
2016,2016-10-07,"2924,8",7,Octubre,10
2016,2016-10-06,"2964,93",6,Octubre,10
2016,2016-10-05,"2963,06",5,Octubre,10
2016,2016-10-04,"2937,23",4,Octubre,10
2016,2016-10-03,"2880,08",3,Octubre,10
2016,2016-10-02,"2880,08",2,Octubre,10
2016,2016-10-01,"2880,08",1,Octubre,10
2016,2016-09-30,"2879,95",30,Septiembre,9
2016,2016-09-29,"2914,11",29,Septiembre,9
2016,2016-09-28,"2921,99",28,Septiembre,9
2016,2016-09-27,"2917,58",27,Septiembre,9
2016,2016-09-26,"2917,95",26,Septiembre,9
2016,2016-09-25,"2917,95",25,Septiembre,9
2016,2016-09-24,"2917,95",24,Septiembre,9
2016,2016-09-23,"2862,52",23,Septiembre,9
2016,2016-09-22,"2894,15",22,Septiembre,9
2016,2016-09-21,"2911,11",21,Septiembre,9
2016,2016-09-20,"2928,18",20,Septiembre,9
2016,2016-09-19,"2956,58",19,Septiembre,9
2016,2016-09-18,"2956,58",18,Septiembre,9
2016,2016-09-17,"2956,58",17,Septiembre,9
2016,2016-09-16,"2938,5",16,Septiembre,9
2016,2016-09-15,"2972,65",15,Septiembre,9
2016,2016-09-14,"2976,19",14,Septiembre,9
2016,2016-09-13,"2942,29",13,Septiembre,9
2016,2016-09-12,"2899,29",12,Septiembre,9
2016,2016-09-11,"2899,29",11,Septiembre,9
2016,2016-09-10,"2899,29",10,Septiembre,9
2016,2016-09-09,"2846,13",9,Septiembre,9
2016,2016-09-08,"2840,38",8,Septiembre,9
2016,2016-09-07,"2887,64",7,Septiembre,9
2016,2016-09-06,"2957,56",6,Septiembre,9
2016,2016-09-05,"2957,56",5,Septiembre,9
2016,2016-09-04,"2957,56",4,Septiembre,9
2016,2016-09-03,"2957,56",3,Septiembre,9
2016,2016-09-02,"2986,36",2,Septiembre,9
2016,2016-09-01,"2956,53",1,Septiembre,9
2016,2016-08-31,"2933,82",31,Agosto,8
2016,2016-08-30,"2924,29",30,Agosto,8
2016,2016-08-29,"2882,69",29,Agosto,8
2016,2016-08-28,"2882,69",28,Agosto,8
2016,2016-08-27,"2882,69",27,Agosto,8
2016,2016-08-26,"2915,67",26,Agosto,8
2016,2016-08-25,"2938,28",25,Agosto,8
2016,2016-08-24,"2909,1",24,Agosto,8
2016,2016-08-23,"2883,89",23,Agosto,8
2016,2016-08-22,"2867,37",22,Agosto,8
2016,2016-08-21,"2867,37",21,Agosto,8
2016,2016-08-20,"2867,37",20,Agosto,8
2016,2016-08-19,"2884,02",19,Agosto,8
2016,2016-08-18,"2918,07",18,Agosto,8
2016,2016-08-17,"2905,3",17,Agosto,8
2016,2016-08-16,"2908,67",16,Agosto,8
2016,2016-08-15,"2908,67",15,Agosto,8
2016,2016-08-14,"2908,67",14,Agosto,8
2016,2016-08-13,"2908,67",13,Agosto,8
2016,2016-08-12,"2911,26",12,Agosto,8
2016,2016-08-11,"2954,9",11,Agosto,8
2016,2016-08-10,"2974,31",10,Agosto,8
2016,2016-08-09,"2992,5",9,Agosto,8
2016,2016-08-08,"3052,8",8,Agosto,8
2016,2016-08-07,"3052,8",7,Agosto,8
2016,2016-08-06,"3052,8",6,Agosto,8
2016,2016-08-05,"3079,83",5,Agosto,8
2016,2016-08-04,"3110,43",4,Agosto,8
2016,2016-08-03,"3084,81",3,Agosto,8
2016,2016-08-02,"3090,28",2,Agosto,8
2016,2016-08-01,"3081,75",1,Agosto,8
2016,2016-07-31,"3081,75",31,Julio,7
2016,2016-07-30,"3081,75",30,Julio,7
2016,2016-07-29,"3091,78",29,Julio,7
2016,2016-07-28,"3073,52",28,Julio,7
2016,2016-07-27,"3055,15",27,Julio,7
2016,2016-07-26,"2997,25",26,Julio,7
2016,2016-07-25,"2942,65",25,Julio,7
2016,2016-07-24,"2942,65",24,Julio,7
2016,2016-07-23,"2942,65",23,Julio,7
2016,2016-07-22,"2928,67",22,Julio,7
2016,2016-07-21,"2931,08",21,Julio,7
2016,2016-07-20,"2931,08",20,Julio,7
2016,2016-07-19,"2928,3",19,Julio,7
2016,2016-07-18,"2923,46",18,Julio,7
2016,2016-07-17,"2923,46",17,Julio,7
2016,2016-07-16,"2923,46",16,Julio,7
2016,2016-07-15,"2923,07",15,Julio,7
2016,2016-07-14,"2936,53",14,Julio,7
2016,2016-07-13,"2911,91",13,Julio,7
2016,2016-07-12,"2929,81",12,Julio,7
2016,2016-07-11,"2952,64",11,Julio,7
2016,2016-07-10,"2952,64",10,Julio,7
2016,2016-07-09,"2952,64",9,Julio,7
2016,2016-07-08,"2986,49",8,Julio,7
2016,2016-07-07,"3003,2",7,Julio,7
2016,2016-07-06,"2966,87",6,Julio,7
2016,2016-07-05,"2914,38",5,Julio,7
2016,2016-07-04,"2914,38",4,Julio,7
2016,2016-07-03,"2914,38",3,Julio,7
2016,2016-07-02,"2914,38",2,Julio,7
2016,2016-07-01,"2919,01",1,Julio,7
2016,2016-06-30,"2916,15",30,Junio,6
2016,2016-06-29,"3005,18",29,Junio,6
2016,2016-06-28,"3022,78",28,Junio,6
2016,2016-06-27,"2972,92",27,Junio,6
2016,2016-06-26,"2972,92",26,Junio,6
2016,2016-06-25,"2972,92",25,Junio,6
2016,2016-06-24,"2897,53",24,Junio,6
2016,2016-06-23,"2944,06",23,Junio,6
2016,2016-06-22,"2976,29",22,Junio,6
2016,2016-06-21,"2972,97",21,Junio,6
2016,2016-06-20,"3010,91",20,Junio,6
2016,2016-06-19,"3010,91",19,Junio,6
2016,2016-06-18,"3010,91",18,Junio,6
2016,2016-06-17,"3019,12",17,Junio,6
2016,2016-06-16,"2989,56",16,Junio,6
2016,2016-06-15,"3003,28",15,Junio,6
2016,2016-06-14,"2990,35",14,Junio,6
2016,2016-06-13,"2969,83",13,Junio,6
2016,2016-06-12,"2969,83",12,Junio,6
2016,2016-06-11,"2969,83",11,Junio,6
2016,2016-06-10,"2942,13",10,Junio,6
2016,2016-06-09,"2905,23",9,Junio,6
2016,2016-06-08,"2950,95",8,Junio,6
2016,2016-06-07,"3017,71",7,Junio,6
2016,2016-06-06,"3017,71",6,Junio,6
2016,2016-06-05,"3017,71",5,Junio,6
2016,2016-06-04,"3017,71",4,Junio,6
2016,2016-06-03,"3110,88",3,Junio,6
2016,2016-06-02,"3117,83",2,Junio,6
2016,2016-06-01,"3089,65",1,Junio,6
2016,2016-05-31,"3069,17",31,Mayo,5
2016,2016-05-30,"3069,17",30,Mayo,5
2016,2016-05-29,"3069,17",29,Mayo,5
2016,2016-05-28,"3069,17",28,Mayo,5
2016,2016-05-27,"3054,6",27,Mayo,5
2016,2016-05-26,"3061,89",26,Mayo,5
2016,2016-05-25,"3059,92",25,Mayo,5
2016,2016-05-24,"3058,25",24,Mayo,5
2016,2016-05-23,"3047,99",23,Mayo,5
2016,2016-05-22,"3047,99",22,Mayo,5
2016,2016-05-21,"3047,99",21,Mayo,5
2016,2016-05-20,"3056,06",20,Mayo,5
2016,2016-05-19,"3031,48",19,Mayo,5
2016,2016-05-18,"3020,89",18,Mayo,5
2016,2016-05-17,"3007,74",17,Mayo,5
2016,2016-05-16,"2983,82",16,Mayo,5
2016,2016-05-15,"2983,82",15,Mayo,5
2016,2016-05-14,"2983,82",14,Mayo,5
2016,2016-05-13,"2934,88",13,Mayo,5
2016,2016-05-12,"2956,82",12,Mayo,5
2016,2016-05-11,"2979,54",11,Mayo,5
2016,2016-05-10,"2969,62",10,Mayo,5
2016,2016-05-09,"2969,62",9,Mayo,5
2016,2016-05-08,"2969,62",8,Mayo,5
2016,2016-05-07,"2969,62",7,Mayo,5
2016,2016-05-06,"2952,37",6,Mayo,5
2016,2016-05-05,"2942,16",5,Mayo,5
2016,2016-05-04,"2895,51",4,Mayo,5
2016,2016-05-03,"2833,78",3,Mayo,5
2016,2016-05-02,"2851,14",2,Mayo,5
2016,2016-05-01,"2851,14",1,Mayo,5
2016,2016-04-30,"2851,14",30,Abril,4
2016,2016-04-29,"2885,72",29,Abril,4
2016,2016-04-28,"2943,23",28,Abril,4
2016,2016-04-27,"2945,37",27,Abril,4
2016,2016-04-26,"2962,08",26,Abril,4
2016,2016-04-25,"2939,7",25,Abril,4
2016,2016-04-24,"2939,7",24,Abril,4
2016,2016-04-23,"2939,7",23,Abril,4
2016,2016-04-22,"2928,7",22,Abril,4
2016,2016-04-21,"2899,92",21,Abril,4
2016,2016-04-20,"2912,2",20,Abril,4
2016,2016-04-19,"2995,86",19,Abril,4
2016,2016-04-18,"2999,38",18,Abril,4
2016,2016-04-17,"2999,38",17,Abril,4
2016,2016-04-16,"2999,38",16,Abril,4
2016,2016-04-15,"3000,78",15,Abril,4
2016,2016-04-14,"3006,35",14,Abril,4
2016,2016-04-13,"3036,57",13,Abril,4
2016,2016-04-12,"3057,96",12,Abril,4
2016,2016-04-11,"3076,29",11,Abril,4
2016,2016-04-10,"3076,29",10,Abril,4
2016,2016-04-09,"3076,29",9,Abril,4
2016,2016-04-08,"3109,6",8,Abril,4
2016,2016-04-07,"3081,39",7,Abril,4
2016,2016-04-06,"3085,82",6,Abril,4
2016,2016-04-05,"3066,94",5,Abril,4
2016,2016-04-04,"3038,48",4,Abril,4
2016,2016-04-03,"3038,48",3,Abril,4
2016,2016-04-02,"3038,48",2,Abril,4
2016,2016-04-01,"3000,63",1,Abril,4
2016,2016-03-31,"3022,35",31,Marzo,3
2016,2016-03-30,"3052,33",30,Marzo,3
2016,2016-03-29,"3047,85",29,Marzo,3
2016,2016-03-28,"3058,8",28,Marzo,3
2016,2016-03-27,"3058,8",27,Marzo,3
2016,2016-03-26,"3058,8",26,Marzo,3
2016,2016-03-25,"3058,8",25,Marzo,3
2016,2016-03-24,"3058,8",24,Marzo,3
2016,2016-03-23,"3050,31",23,Marzo,3
2016,2016-03-22,"3065,79",22,Marzo,3
2016,2016-03-21,"3065,79",21,Marzo,3
2016,2016-03-20,"3065,79",20,Marzo,3
2016,2016-03-19,"3065,79",19,Marzo,3
2016,2016-03-18,"3087,39",18,Marzo,3
2016,2016-03-17,"3155,9",17,Marzo,3
2016,2016-03-16,"3175,88",16,Marzo,3
2016,2016-03-15,"3175,95",15,Marzo,3
2016,2016-03-14,"3164,12",14,Marzo,3
2016,2016-03-13,"3164,12",13,Marzo,3
2016,2016-03-12,"3164,12",12,Marzo,3
2016,2016-03-11,"3204,27",11,Marzo,3
2016,2016-03-10,"3192,49",10,Marzo,3
2016,2016-03-09,"3155,9",9,Marzo,3
2016,2016-03-08,"3135,28",8,Marzo,3
2016,2016-03-07,"3163,25",7,Marzo,3
2016,2016-03-06,"3163,25",6,Marzo,3
2016,2016-03-05,"3163,25",5,Marzo,3
2016,2016-03-04,"3203,03",4,Marzo,3
2016,2016-03-03,"3205,6",3,Marzo,3
2016,2016-03-02,"3268,86",2,Marzo,3
2016,2016-03-01,"3319,8",1,Marzo,3
2016,2016-02-29,3306,29,Febrero,2
2016,2016-02-28,3306,28,Febrero,2
2016,2016-02-27,3306,27,Febrero,2
2016,2016-02-26,"3310,16",26,Febrero,2
2016,2016-02-25,"3341,69",25,Febrero,2
2016,2016-02-24,"3322,54",24,Febrero,2
2016,2016-02-23,"3314,24",23,Febrero,2
2016,2016-02-22,"3356,78",22,Febrero,2
2016,2016-02-21,"3356,78",21,Febrero,2
2016,2016-02-20,"3356,78",20,Febrero,2
2016,2016-02-19,"3338,03",19,Febrero,2
2016,2016-02-18,"3391,87",18,Febrero,2
2016,2016-02-17,"3406,87",17,Febrero,2
2016,2016-02-16,"3409,82",16,Febrero,2
2016,2016-02-15,"3409,82",15,Febrero,2
2016,2016-02-14,"3409,82",14,Febrero,2
2016,2016-02-13,"3409,82",13,Febrero,2
2016,2016-02-12,"3434,89",12,Febrero,2
2016,2016-02-11,"3385,65",11,Febrero,2
2016,2016-02-10,"3391,93",10,Febrero,2
2016,2016-02-09,"3367,02",9,Febrero,2
2016,2016-02-08,"3320,49",8,Febrero,2
2016,2016-02-07,"3320,49",7,Febrero,2
2016,2016-02-06,"3320,49",6,Febrero,2
2016,2016-02-05,"3315,75",5,Febrero,2
2016,2016-02-04,"3382,2",4,Febrero,2
2016,2016-02-03,"3387,69",3,Febrero,2
2016,2016-02-02,"3326,82",2,Febrero,2
2016,2016-02-01,"3287,31",1,Febrero,2
2016,2016-01-31,"3287,31",31,Enero,1
2016,2016-01-30,"3287,31",30,Enero,1
2016,2016-01-29,"3302,92",29,Enero,1
2016,2016-01-28,"3366,63",28,Enero,1
2016,2016-01-27,"3375,8",27,Enero,1
2016,2016-01-26,"3362,38",26,Enero,1
2016,2016-01-25,"3281,74",25,Enero,1
2016,2016-01-24,"3281,74",24,Enero,1
2016,2016-01-23,"3281,74",23,Enero,1
2016,2016-01-22,"3368,49",22,Enero,1
2016,2016-01-21,"3357,67",21,Enero,1
2016,2016-01-20,"3297,46",20,Enero,1
2016,2016-01-19,"3293,94",19,Enero,1
2016,2016-01-18,"3293,94",18,Enero,1
2016,2016-01-17,"3293,94",17,Enero,1
2016,2016-01-16,"3293,94",16,Enero,1
2016,2016-01-15,"3240,71",15,Enero,1
2016,2016-01-14,"3235,45",14,Enero,1
2016,2016-01-13,"3246,51",13,Enero,1
2016,2016-01-12,"3268,37",12,Enero,1
2016,2016-01-11,"3268,37",11,Enero,1
2016,2016-01-10,"3268,37",10,Enero,1
2016,2016-01-09,"3268,37",9,Enero,1
2016,2016-01-08,"3287,28",8,Enero,1
2016,2016-01-07,"3250,69",7,Enero,1
2016,2016-01-06,"3203,86",6,Enero,1
2016,2016-01-05,"3213,24",5,Enero,1
2016,2016-01-04,"3149,47",4,Enero,1
2016,2016-01-03,"3149,47",3,Enero,1
2016,2016-01-02,"3149,47",2,Enero,1
2016,2016-01-01,"3149,47",1,Enero,1
2015,2015-12-31,"3149,47",31,Diciembre,12
2015,2015-12-30,"3155,22",30,Diciembre,12
2015,2015-12-29,"3180,87",29,Diciembre,12
2015,2015-12-28,"3172,03",28,Diciembre,12
2015,2015-12-27,"3172,03",27,Diciembre,12
2015,2015-12-26,"3172,03",26,Diciembre,12
2015,2015-12-25,"3172,03",25,Diciembre,12
2015,2015-12-24,"3255,19",24,Diciembre,12
2015,2015-12-23,"3307,24",23,Diciembre,12
2015,2015-12-22,"3332,7",22,Diciembre,12
2015,2015-12-21,"3337,68",21,Diciembre,12
2015,2015-12-20,"3337,68",20,Diciembre,12
2015,2015-12-19,"3337,68",19,Diciembre,12
2015,2015-12-18,"3333,37",18,Diciembre,12
2015,2015-12-17,"3317,72",17,Diciembre,12
2015,2015-12-16,"3328,08",16,Diciembre,12
2015,2015-12-15,3356,15,Diciembre,12
2015,2015-12-14,"3299,36",14,Diciembre,12
2015,2015-12-13,"3299,36",13,Diciembre,12
2015,2015-12-12,"3299,36",12,Diciembre,12
2015,2015-12-11,"3259,56",11,Diciembre,12
2015,2015-12-10,"3294,02",10,Diciembre,12
2015,2015-12-09,"3287,03",9,Diciembre,12
2015,2015-12-08,"3287,03",8,Diciembre,12
2015,2015-12-07,"3179,22",7,Diciembre,12
2015,2015-12-06,"3179,22",6,Diciembre,12
2015,2015-12-05,"3179,22",5,Diciembre,12
2015,2015-12-04,"3149,12",4,Diciembre,12
2015,2015-12-03,"3166,67",3,Diciembre,12
2015,2015-12-02,"3131,95",2,Diciembre,12
2015,2015-12-01,"3142,11",1,Diciembre,12
2015,2015-11-30,"3101,1",30,Noviembre,11
2015,2015-11-29,"3101,1",29,Noviembre,11
2015,2015-11-28,"3101,1",28,Noviembre,11
2015,2015-11-27,"3099,75",27,Noviembre,11
2015,2015-11-26,"3099,75",26,Noviembre,11
2015,2015-11-25,"3074,35",25,Noviembre,11
2015,2015-11-24,"3086,82",24,Noviembre,11
2015,2015-11-23,"3047,31",23,Noviembre,11
2015,2015-11-22,"3047,31",22,Noviembre,11
2015,2015-11-21,"3047,31",21,Noviembre,11
2015,2015-11-20,"3082,04",20,Noviembre,11
2015,2015-11-19,"3108,7",19,Noviembre,11
2015,2015-11-18,"3069,24",18,Noviembre,11
2015,2015-11-17,"3073,23",17,Noviembre,11
2015,2015-11-16,"3073,23",16,Noviembre,11
2015,2015-11-15,"3073,23",15,Noviembre,11
2015,2015-11-14,"3073,23",14,Noviembre,11
2015,2015-11-13,"3009,36",13,Noviembre,11
2015,2015-11-12,"2935,86",12,Noviembre,11
2015,2015-11-11,"2935,86",11,Noviembre,11
2015,2015-11-10,"2921,15",10,Noviembre,11
2015,2015-11-09,"2896,19",9,Noviembre,11
2015,2015-11-08,"2896,19",8,Noviembre,11
2015,2015-11-07,"2896,19",7,Noviembre,11
2015,2015-11-06,"2853,32",6,Noviembre,11
2015,2015-11-05,"2819,63",5,Noviembre,11
2015,2015-11-04,"2825,25",4,Noviembre,11
2015,2015-11-03,"2897,83",3,Noviembre,11
2015,2015-11-02,"2897,83",2,Noviembre,11
2015,2015-11-01,"2897,83",1,Noviembre,11
2015,2015-10-31,"2897,83",31,Octubre,10
2015,2015-10-30,"2921,32",30,Octubre,10
2015,2015-10-29,"2926,75",29,Octubre,10
2015,2015-10-28,"2950,87",28,Octubre,10
2015,2015-10-27,"2918,21",27,Octubre,10
2015,2015-10-26,"2912,08",26,Octubre,10
2015,2015-10-25,"2912,08",25,Octubre,10
2015,2015-10-24,"2912,08",24,Octubre,10
2015,2015-10-23,"2925,36",23,Octubre,10
2015,2015-10-22,"2966,68",22,Octubre,10
2015,2015-10-21,"2929,19",21,Octubre,10
2015,2015-10-20,"2912,99",20,Octubre,10
2015,2015-10-19,"2879,89",19,Octubre,10
2015,2015-10-18,"2879,89",18,Octubre,10
2015,2015-10-17,"2879,89",17,Octubre,10
2015,2015-10-16,"2908,87",16,Octubre,10
2015,2015-10-15,"2928,69",15,Octubre,10
2015,2015-10-14,"2910,7",14,Octubre,10
2015,2015-10-13,"2855,74",13,Octubre,10
2015,2015-10-12,"2855,74",12,Octubre,10
2015,2015-10-11,"2855,74",11,Octubre,10
2015,2015-10-10,"2855,74",10,Octubre,10
2015,2015-10-09,"2887,21",9,Octubre,10
2015,2015-10-08,"2891,91",8,Octubre,10
2015,2015-10-07,"2913,74",7,Octubre,10
2015,2015-10-06,"2971,15",6,Octubre,10
2015,2015-10-05,"3034,9",5,Octubre,10
2015,2015-10-04,"3034,9",4,Octubre,10
2015,2015-10-03,"3034,9",3,Octubre,10
2015,2015-10-02,"3061,85",2,Octubre,10
2015,2015-10-01,"3086,75",1,Octubre,10
2015,2015-09-30,"3121,94",30,Septiembre,9
2015,2015-09-29,"3096,98",29,Septiembre,9
2015,2015-09-28,"3080,44",28,Septiembre,9
2015,2015-09-27,"3080,44",27,Septiembre,9
2015,2015-09-26,"3080,44",26,Septiembre,9
2015,2015-09-25,"3135,17",25,Septiembre,9
2015,2015-09-24,"3099,28",24,Septiembre,9
2015,2015-09-23,"3065,74",23,Septiembre,9
2015,2015-09-22,"3001,68",22,Septiembre,9
2015,2015-09-21,"2984,9",21,Septiembre,9
2015,2015-09-20,"2984,9",20,Septiembre,9
2015,2015-09-19,"2984,9",19,Septiembre,9
2015,2015-09-18,"2975,13",18,Septiembre,9
2015,2015-09-17,"2989,04",17,Septiembre,9
2015,2015-09-16,"3025,28",16,Septiembre,9
2015,2015-09-15,"3032,59",15,Septiembre,9
2015,2015-09-14,"3012,96",14,Septiembre,9
2015,2015-09-13,"3012,96",13,Septiembre,9
2015,2015-09-12,"3012,96",12,Septiembre,9
2015,2015-09-11,"3080,57",11,Septiembre,9
2015,2015-09-10,"3105,4",10,Septiembre,9
2015,2015-09-09,"3138,46",9,Septiembre,9
2015,2015-09-08,"3113,55",8,Septiembre,9
2015,2015-09-07,"3113,55",7,Septiembre,9
2015,2015-09-06,"3113,55",6,Septiembre,9
2015,2015-09-05,"3113,55",5,Septiembre,9
2015,2015-09-04,"3119,93",4,Septiembre,9
2015,2015-09-03,"3142,34",3,Septiembre,9
2015,2015-09-02,"3093,64",2,Septiembre,9
2015,2015-09-01,"3079,97",1,Septiembre,9
2015,2015-08-31,"3101,1",31,Agosto,8
2015,2015-08-30,"3101,1",30,Agosto,8
2015,2015-08-29,"3101,1",29,Agosto,8
2015,2015-08-28,"3195,47",28,Agosto,8
2015,2015-08-27,"3238,51",27,Agosto,8
2015,2015-08-26,"3194,24",26,Agosto,8
2015,2015-08-25,"3208,37",25,Agosto,8
2015,2015-08-24,"3102,6",24,Agosto,8
2015,2015-08-23,"3102,6",23,Agosto,8
2015,2015-08-22,"3102,6",22,Agosto,8
2015,2015-08-21,"3053,65",21,Agosto,8
2015,2015-08-20,"3027,2",20,Agosto,8
2015,2015-08-19,"3003,35",19,Agosto,8
2015,2015-08-18,"2983,12",18,Agosto,8
2015,2015-08-17,"2983,12",17,Agosto,8
2015,2015-08-16,"2983,12",16,Agosto,8
2015,2015-08-15,"2983,12",15,Agosto,8
2015,2015-08-14,"2966,12",14,Agosto,8
2015,2015-08-13,"2937,63",13,Agosto,8
2015,2015-08-12,"2943,97",12,Agosto,8
2015,2015-08-11,"2913,45",11,Agosto,8
2015,2015-08-10,"2955,31",10,Agosto,8
2015,2015-08-09,"2955,31",9,Agosto,8
2015,2015-08-08,"2955,31",8,Agosto,8
2015,2015-08-07,"2955,31",7,Agosto,8
2015,2015-08-06,"2945,97",6,Agosto,8
2015,2015-08-05,"2906,95",5,Agosto,8
2015,2015-08-04,"2902,98",4,Agosto,8
2015,2015-08-03,"2862,51",3,Agosto,8
2015,2015-08-02,"2862,51",2,Agosto,8
2015,2015-08-01,"2862,51",1,Agosto,8
2015,2015-07-31,"2866,04",31,Julio,7
2015,2015-07-30,"2855,32",30,Julio,7
2015,2015-07-29,"2855,44",29,Julio,7
2015,2015-07-28,"2854,13",28,Julio,7
2015,2015-07-27,"2857,46",27,Julio,7
2015,2015-07-26,"2857,46",26,Julio,7
2015,2015-07-25,"2857,46",25,Julio,7
2015,2015-07-24,"2807,36",24,Julio,7
2015,2015-07-23,"2790,26",23,Julio,7
2015,2015-07-22,"2765,1",22,Julio,7
2015,2015-07-21,"2751,88",21,Julio,7
2015,2015-07-20,"2751,88",20,Julio,7
2015,2015-07-19,"2751,88",19,Julio,7
2015,2015-07-18,"2751,88",18,Julio,7
2015,2015-07-17,"2727,23",17,Julio,7
2015,2015-07-16,"2713,04",16,Julio,7
2015,2015-07-15,"2688,2",15,Julio,7
2015,2015-07-14,"2693,54",14,Julio,7
2015,2015-07-13,"2667,37",13,Julio,7
2015,2015-07-12,"2667,37",12,Julio,7
2015,2015-07-11,"2667,37",11,Julio,7
2015,2015-07-10,"2670,79",10,Julio,7
2015,2015-07-09,"2690,79",9,Julio,7
2015,2015-07-08,"2690,15",8,Julio,7
2015,2015-07-07,"2665,41",7,Julio,7
2015,2015-07-06,"2642,97",6,Julio,7
2015,2015-07-05,"2642,97",5,Julio,7
2015,2015-07-04,"2642,97",4,Julio,7
2015,2015-07-03,"2623,91",3,Julio,7
2015,2015-07-02,"2626,8",2,Julio,7
2015,2015-07-01,"2598,68",1,Julio,7
2015,2015-06-30,"2585,11",30,Junio,6
2015,2015-06-29,"2585,11",29,Junio,6
2015,2015-06-28,"2585,11",28,Junio,6
2015,2015-06-27,"2585,11",27,Junio,6
2015,2015-06-26,"2556,21",26,Junio,6
2015,2015-06-25,"2566,66",25,Junio,6
2015,2015-06-24,"2550,74",24,Junio,6
2015,2015-06-23,"2537,68",23,Junio,6
2015,2015-06-22,"2548,2",22,Junio,6
2015,2015-06-21,"2548,2",21,Junio,6
2015,2015-06-20,"2548,2",20,Junio,6
2015,2015-06-19,"2528,85",19,Junio,6
2015,2015-06-18,"2550,43",18,Junio,6
2015,2015-06-17,"2531,72",17,Junio,6
2015,2015-06-16,"2535,91",16,Junio,6
2015,2015-06-15,"2535,91",15,Junio,6
2015,2015-06-14,"2535,91",14,Junio,6
2015,2015-06-13,"2535,91",13,Junio,6
2015,2015-06-12,"2538,55",12,Junio,6
2015,2015-06-11,2523,11,Junio,6
2015,2015-06-10,"2569,17",10,Junio,6
2015,2015-06-09,"2623,66",9,Junio,6
2015,2015-06-08,"2623,66",8,Junio,6
2015,2015-06-07,"2623,66",7,Junio,6
2015,2015-06-06,"2623,66",6,Junio,6
2015,2015-06-05,"2588,56",5,Junio,6
2015,2015-06-04,"2571,92",4,Junio,6
2015,2015-06-03,"2554,44",3,Junio,6
2015,2015-06-02,"2549,29",2,Junio,6
2015,2015-06-01,"2533,79",1,Junio,6
2015,2015-05-31,"2533,79",31,Mayo,5
2015,2015-05-30,"2533,79",30,Mayo,5
2015,2015-05-29,"2549,97",29,Mayo,5
2015,2015-05-28,"2548,13",28,Mayo,5
2015,2015-05-27,"2542,53",27,Mayo,5
2015,2015-05-26,"2500,22",26,Mayo,5
2015,2015-05-25,"2500,22",25,Mayo,5
2015,2015-05-24,"2500,22",24,Mayo,5
2015,2015-05-23,"2500,22",23,Mayo,5
2015,2015-05-22,"2489,39",22,Mayo,5
2015,2015-05-21,"2503,37",21,Mayo,5
2015,2015-05-20,"2475,45",20,Mayo,5
2015,2015-05-19,"2417,01",19,Mayo,5
2015,2015-05-18,"2417,01",18,Mayo,5
2015,2015-05-17,"2417,01",17,Mayo,5
2015,2015-05-16,"2417,01",16,Mayo,5
2015,2015-05-15,"2389,49",15,Mayo,5
2015,2015-05-14,"2377,87",14,Mayo,5
2015,2015-05-13,"2386,77",13,Mayo,5
2015,2015-05-12,"2381,53",12,Mayo,5
2015,2015-05-11,"2360,58",11,Mayo,5
2015,2015-05-10,"2360,58",10,Mayo,5
2015,2015-05-09,"2360,58",9,Mayo,5
2015,2015-05-08,"2369,23",8,Mayo,5
2015,2015-05-07,"2362,41",7,Mayo,5
2015,2015-05-06,"2386,72",6,Mayo,5
2015,2015-05-05,"2408,17",5,Mayo,5
2015,2015-05-04,"2393,58",4,Mayo,5
2015,2015-05-03,"2393,58",3,Mayo,5
2015,2015-05-02,"2393,58",2,Mayo,5
2015,2015-05-01,"2393,58",1,Mayo,5
2015,2015-04-30,"2388,06",30,Abril,4
2015,2015-04-29,"2393,42",29,Abril,4
2015,2015-04-28,"2419,81",28,Abril,4
2015,2015-04-27,"2461,17",27,Abril,4
2015,2015-04-26,"2461,17",26,Abril,4
2015,2015-04-25,"2461,17",25,Abril,4
2015,2015-04-24,"2471,21",24,Abril,4
2015,2015-04-23,"2488,5",23,Abril,4
2015,2015-04-22,"2469,03",22,Abril,4
2015,2015-04-21,"2487,07",21,Abril,4
2015,2015-04-20,"2495,01",20,Abril,4
2015,2015-04-19,"2495,01",19,Abril,4
2015,2015-04-18,"2495,01",18,Abril,4
2015,2015-04-17,"2493,93",17,Abril,4
2015,2015-04-16,"2534,63",16,Abril,4
2015,2015-04-15,"2550,83",15,Abril,4
2015,2015-04-14,"2537,33",14,Abril,4
2015,2015-04-13,"2516,08",13,Abril,4
2015,2015-04-12,"2516,08",12,Abril,4
2015,2015-04-11,"2516,08",11,Abril,4
2015,2015-04-10,"2494,77",10,Abril,4
2015,2015-04-09,"2490,9",9,Abril,4
2015,2015-04-08,"2518,05",8,Abril,4
2015,2015-04-07,"2522,71",7,Abril,4
2015,2015-04-06,"2576,41",6,Abril,4
2015,2015-04-05,"2576,41",5,Abril,4
2015,2015-04-04,"2576,41",4,Abril,4
2015,2015-04-03,"2576,41",3,Abril,4
2015,2015-04-02,"2576,41",2,Abril,4
2015,2015-04-01,"2598,36",1,Abril,4
2015,2015-03-31,"2576,05",31,Marzo,3
2015,2015-03-30,"2556,85",30,Marzo,3
2015,2015-03-29,"2556,85",29,Marzo,3
2015,2015-03-28,"2556,85",28,Marzo,3
2015,2015-03-27,"2551,3",27,Marzo,3
2015,2015-03-26,"2535,55",26,Marzo,3
2015,2015-03-25,"2526,79",25,Marzo,3
2015,2015-03-24,"2587,71",24,Marzo,3
2015,2015-03-23,"2587,71",23,Marzo,3
2015,2015-03-22,"2587,71",22,Marzo,3
2015,2015-03-21,"2587,71",21,Marzo,3
2015,2015-03-20,"2613,38",20,Marzo,3
2015,2015-03-19,"2651,49",19,Marzo,3
2015,2015-03-18,"2677,97",18,Marzo,3
2015,2015-03-17,"2675,08",17,Marzo,3
2015,2015-03-16,"2661,52",16,Marzo,3
2015,2015-03-15,"2661,52",15,Marzo,3
2015,2015-03-14,"2661,52",14,Marzo,3
2015,2015-03-13,"2610,08",13,Marzo,3
2015,2015-03-12,"2633,65",12,Marzo,3
2015,2015-03-11,"2618,79",11,Marzo,3
2015,2015-03-10,"2592,86",10,Marzo,3
2015,2015-03-09,"2565,61",9,Marzo,3
2015,2015-03-08,"2565,61",8,Marzo,3
2015,2015-03-07,"2565,61",7,Marzo,3
2015,2015-03-06,"2543,47",6,Marzo,3
2015,2015-03-05,"2565,9",5,Marzo,3
2015,2015-03-04,"2555,08",4,Marzo,3
2015,2015-03-03,"2522,03",3,Marzo,3
2015,2015-03-02,"2496,99",2,Marzo,3
2015,2015-03-01,"2496,99",1,Marzo,3
2015,2015-02-28,"2496,99",28,Febrero,2
2015,2015-02-27,"2484,58",27,Febrero,2
2015,2015-02-26,"2489,41",26,Febrero,2
2015,2015-02-25,"2500,59",25,Febrero,2
2015,2015-02-24,"2489,81",24,Febrero,2
2015,2015-02-23,"2455,54",23,Febrero,2
2015,2015-02-22,"2455,54",22,Febrero,2
2015,2015-02-21,"2455,54",21,Febrero,2
2015,2015-02-20,"2445,16",20,Febrero,2
2015,2015-02-19,"2429,71",19,Febrero,2
2015,2015-02-18,"2416,37",18,Febrero,2
2015,2015-02-17,"2376,23",17,Febrero,2
2015,2015-02-16,"2376,23",16,Febrero,2
2015,2015-02-15,"2376,23",15,Febrero,2
2015,2015-02-14,"2376,23",14,Febrero,2
2015,2015-02-13,"2401,03",13,Febrero,2
2015,2015-02-12,"2416,61",12,Febrero,2
2015,2015-02-11,"2380,79",11,Febrero,2
2015,2015-02-10,"2371,31",10,Febrero,2
2015,2015-02-09,"2384,76",9,Febrero,2
2015,2015-02-08,"2384,76",8,Febrero,2
2015,2015-02-07,"2384,76",7,Febrero,2
2015,2015-02-06,"2384,53",6,Febrero,2
2015,2015-02-05,"2381,91",5,Febrero,2
2015,2015-02-04,"2374,72",4,Febrero,2
2015,2015-02-03,"2407,29",3,Febrero,2
2015,2015-02-02,"2441,1",2,Febrero,2
2015,2015-02-01,"2441,1",1,Febrero,2
2015,2015-01-31,"2441,1",31,Enero,1
2015,2015-01-30,"2397,35",30,Enero,1
2015,2015-01-29,"2362,42",29,Enero,1
2015,2015-01-28,"2381,11",28,Enero,1
2015,2015-01-27,"2386,28",27,Enero,1
2015,2015-01-26,"2386,5",26,Enero,1
2015,2015-01-25,"2386,5",25,Enero,1
2015,2015-01-24,"2386,5",24,Enero,1
2015,2015-01-23,"2370,75",23,Enero,1
2015,2015-01-22,"2361,54",22,Enero,1
2015,2015-01-21,"2373,44",21,Enero,1
2015,2015-01-20,"2383,91",20,Enero,1
2015,2015-01-19,"2383,91",19,Enero,1
2015,2015-01-18,"2383,91",18,Enero,1
2015,2015-01-17,"2383,91",17,Enero,1
2015,2015-01-16,"2398,91",16,Enero,1
2015,2015-01-15,"2438,79",15,Enero,1
2015,2015-01-14,"2442,03",14,Enero,1
2015,2015-01-13,"2406,71",13,Enero,1
2015,2015-01-12,"2406,71",12,Enero,1
2015,2015-01-11,"2406,71",11,Enero,1
2015,2015-01-10,"2406,71",10,Enero,1
2015,2015-01-09,"2405,03",9,Enero,1
2015,2015-01-08,"2434,31",8,Enero,1
2015,2015-01-07,"2452,11",7,Enero,1
2015,2015-01-06,"2412,82",6,Enero,1
2015,2015-01-05,"2383,37",5,Enero,1
2015,2015-01-04,"2383,37",4,Enero,1
2015,2015-01-03,"2383,37",3,Enero,1
2015,2015-01-02,"2392,46",2,Enero,1
2015,2015-01-01,"2392,46",1,Enero,1
2014,2014-12-31,"2392,46",31,Diciembre,12
2014,2014-12-30,"2378,56",30,Diciembre,12
2014,2014-12-29,"2358,46",29,Diciembre,12
2014,2014-12-28,"2358,46",28,Diciembre,12
2014,2014-12-27,"2358,46",27,Diciembre,12
2014,2014-12-26,"2346,9",26,Diciembre,12
2014,2014-12-25,"2346,9",25,Diciembre,12
2014,2014-12-24,"2342,57",24,Diciembre,12
2014,2014-12-23,"2316,93",23,Diciembre,12
2014,2014-12-22,"2297,14",22,Diciembre,12
2014,2014-12-21,"2297,14",21,Diciembre,12
2014,2014-12-20,"2297,14",20,Diciembre,12
2014,2014-12-19,"2334,98",19,Diciembre,12
2014,2014-12-18,"2412,79",18,Diciembre,12
2014,2014-12-17,"2446,35",17,Diciembre,12
2014,2014-12-16,"2414,39",16,Diciembre,12
2014,2014-12-15,"2405,31",15,Diciembre,12
2014,2014-12-14,"2405,31",14,Diciembre,12
2014,2014-12-13,"2405,31",13,Diciembre,12
2014,2014-12-12,"2423,56",12,Diciembre,12
2014,2014-12-11,"2381,96",11,Diciembre,12
2014,2014-12-10,"2350,01",10,Diciembre,12
2014,2014-12-09,"2304,12",9,Diciembre,12
2014,2014-12-08,"2304,12",8,Diciembre,12
2014,2014-12-07,"2304,12",7,Diciembre,12
2014,2014-12-06,"2304,12",6,Diciembre,12
2014,2014-12-05,"2284,24",5,Diciembre,12
2014,2014-12-04,"2286,03",4,Diciembre,12
2014,2014-12-03,"2293,47",3,Diciembre,12
2014,2014-12-02,"2252,36",2,Diciembre,12
2014,2014-12-01,"2206,19",1,Diciembre,12
2014,2014-11-30,"2206,19",30,Noviembre,11
2014,2014-11-29,"2206,19",29,Noviembre,11
2014,2014-11-28,"2165,15",28,Noviembre,11
2014,2014-11-27,"2165,15",27,Noviembre,11
2014,2014-11-26,"2162,15",26,Noviembre,11
2014,2014-11-25,"2158,12",25,Noviembre,11
2014,2014-11-24,"2142,02",24,Noviembre,11
2014,2014-11-23,"2142,02",23,Noviembre,11
2014,2014-11-22,"2142,02",22,Noviembre,11
2014,2014-11-21,"2156,93",21,Noviembre,11
2014,2014-11-20,"2156,73",20,Noviembre,11
2014,2014-11-19,"2158,58",19,Noviembre,11
2014,2014-11-18,"2160,47",18,Noviembre,11
2014,2014-11-17,"2160,47",17,Noviembre,11
2014,2014-11-16,"2160,47",16,Noviembre,11
2014,2014-11-15,"2160,47",15,Noviembre,11
2014,2014-11-14,"2133,03",14,Noviembre,11
2014,2014-11-13,"2115,59",13,Noviembre,11
2014,2014-11-12,"2103,12",12,Noviembre,11
2014,2014-11-11,"2103,12",11,Noviembre,11
2014,2014-11-10,"2103,25",10,Noviembre,11
2014,2014-11-09,"2103,25",9,Noviembre,11
2014,2014-11-08,"2103,25",8,Noviembre,11
2014,2014-11-07,"2086,86",7,Noviembre,11
2014,2014-11-06,"2081,24",6,Noviembre,11
2014,2014-11-05,"2076,99",5,Noviembre,11
2014,2014-11-04,"2061,92",4,Noviembre,11
2014,2014-11-03,"2061,92",3,Noviembre,11
2014,2014-11-02,"2061,92",2,Noviembre,11
2014,2014-11-01,"2061,92",1,Noviembre,11
2014,2014-10-31,"2050,52",31,Octubre,10
2014,2014-10-30,"2044,55",30,Octubre,10
2014,2014-10-29,"2055,43",29,Octubre,10
2014,2014-10-28,"2069,72",28,Octubre,10
2014,2014-10-27,"2065,38",27,Octubre,10
2014,2014-10-26,"2065,38",26,Octubre,10
2014,2014-10-25,"2065,38",25,Octubre,10
2014,2014-10-24,"2053,39",24,Octubre,10
2014,2014-10-23,"2049,9",23,Octubre,10
2014,2014-10-22,"2048,44",22,Octubre,10
2014,2014-10-21,"2065,82",21,Octubre,10
2014,2014-10-20,"2064,43",20,Octubre,10
2014,2014-10-19,"2064,43",19,Octubre,10
2014,2014-10-18,"2064,43",18,Octubre,10
2014,2014-10-17,"2074,4",17,Octubre,10
2014,2014-10-16,"2057,7",16,Octubre,10
2014,2014-10-15,"2049,66",15,Octubre,10
2014,2014-10-14,"2052,96",14,Octubre,10
2014,2014-10-13,"2052,96",13,Octubre,10
2014,2014-10-12,"2052,96",12,Octubre,10
2014,2014-10-11,"2052,96",11,Octubre,10
2014,2014-10-10,"2041,71",10,Octubre,10
2014,2014-10-09,"2040,31",9,Octubre,10
2014,2014-10-08,"2026,9",8,Octubre,10
2014,2014-10-07,"2028,03",7,Octubre,10
2014,2014-10-06,"2026,2",6,Octubre,10
2014,2014-10-05,"2026,2",5,Octubre,10
2014,2014-10-04,"2026,2",4,Octubre,10
2014,2014-10-03,"2021,49",3,Octubre,10
2014,2014-10-02,"2025,75",2,Octubre,10
2014,2014-10-01,2022,1,Octubre,10
2014,2014-09-30,"2028,48",30,Septiembre,9
2014,2014-09-29,"2023,89",29,Septiembre,9
2014,2014-09-28,"2023,89",28,Septiembre,9
2014,2014-09-27,"2023,89",27,Septiembre,9
2014,2014-09-26,"2019,76",26,Septiembre,9
2014,2014-09-25,"2007,48",25,Septiembre,9
2014,2014-09-24,"1997,91",24,Septiembre,9
2014,2014-09-23,"1992,68",23,Septiembre,9
2014,2014-09-22,"1966,89",22,Septiembre,9
2014,2014-09-21,"1966,89",21,Septiembre,9
2014,2014-09-20,"1966,89",20,Septiembre,9
2014,2014-09-19,"1975,42",19,Septiembre,9
2014,2014-09-18,"1975,47",18,Septiembre,9
2014,2014-09-17,"1978,08",17,Septiembre,9
2014,2014-09-16,"1987,71",16,Septiembre,9
2014,2014-09-15,"1994,97",15,Septiembre,9
2014,2014-09-14,"1994,97",14,Septiembre,9
2014,2014-09-13,"1994,97",13,Septiembre,9
2014,2014-09-12,"1979,97",12,Septiembre,9
2014,2014-09-11,"1975,82",11,Septiembre,9
2014,2014-09-10,"1962,84",10,Septiembre,9
2014,2014-09-09,"1942,03",9,Septiembre,9
2014,2014-09-08,"1935,25",8,Septiembre,9
2014,2014-09-07,"1935,25",7,Septiembre,9
2014,2014-09-06,"1935,25",6,Septiembre,9
2014,2014-09-05,"1931,45",5,Septiembre,9
2014,2014-09-04,"1924,67",4,Septiembre,9
2014,2014-09-03,"1931,49",3,Septiembre,9
2014,2014-09-02,"1918,62",2,Septiembre,9
2014,2014-09-01,"1918,62",1,Septiembre,9
2014,2014-08-31,"1918,62",31,Agosto,8
2014,2014-08-30,"1918,62",30,Agosto,8
2014,2014-08-29,"1935,04",29,Agosto,8
2014,2014-08-28,"1926,92",28,Agosto,8
2014,2014-08-27,"1928,67",27,Agosto,8
2014,2014-08-26,"1932,39",26,Agosto,8
2014,2014-08-25,"1924,4",25,Agosto,8
2014,2014-08-24,"1924,4",24,Agosto,8
2014,2014-08-23,"1924,4",23,Agosto,8
2014,2014-08-22,"1919,84",22,Agosto,8
2014,2014-08-21,"1912,43",21,Agosto,8
2014,2014-08-20,"1894,27",20,Agosto,8
2014,2014-08-19,"1884,81",19,Agosto,8
2014,2014-08-18,"1884,81",18,Agosto,8
2014,2014-08-17,"1884,81",17,Agosto,8
2014,2014-08-16,"1884,81",16,Agosto,8
2014,2014-08-15,"1877,77",15,Agosto,8
2014,2014-08-14,"1883,33",14,Agosto,8
2014,2014-08-13,"1877,4",13,Agosto,8
2014,2014-08-12,"1881,62",12,Agosto,8
2014,2014-08-11,"1891,59",11,Agosto,8
2014,2014-08-10,"1891,59",10,Agosto,8
2014,2014-08-09,"1891,59",9,Agosto,8
2014,2014-08-08,"1888,51",8,Agosto,8
2014,2014-08-07,"1888,51",7,Agosto,8
2014,2014-08-06,"1892,35",6,Agosto,8
2014,2014-08-05,"1878,68",5,Agosto,8
2014,2014-08-04,"1873,65",4,Agosto,8
2014,2014-08-03,"1873,65",3,Agosto,8
2014,2014-08-02,"1873,65",2,Agosto,8
2014,2014-08-01,"1878,75",1,Agosto,8
2014,2014-07-31,"1872,43",31,Julio,7
2014,2014-07-30,"1853,3",30,Julio,7
2014,2014-07-29,"1850,61",29,Julio,7
2014,2014-07-28,"1848,56",28,Julio,7
2014,2014-07-27,"1848,56",27,Julio,7
2014,2014-07-26,"1848,56",26,Julio,7
2014,2014-07-25,"1846,12",25,Julio,7
2014,2014-07-24,"1847,85",24,Julio,7
2014,2014-07-23,"1848,98",23,Julio,7
2014,2014-07-22,"1861,28",22,Julio,7
2014,2014-07-21,"1871,87",21,Julio,7
2014,2014-07-20,"1871,87",20,Julio,7
2014,2014-07-19,"1871,87",19,Julio,7
2014,2014-07-18,"1872,27",18,Julio,7
2014,2014-07-17,"1868,41",17,Julio,7
2014,2014-07-16,"1867,88",16,Julio,7
2014,2014-07-15,"1857,93",15,Julio,7
2014,2014-07-14,"1852,57",14,Julio,7
2014,2014-07-13,"1852,57",13,Julio,7
2014,2014-07-12,"1852,57",12,Julio,7
2014,2014-07-11,"1858,47",11,Julio,7
2014,2014-07-10,"1859,94",10,Julio,7
2014,2014-07-09,"1854,24",9,Julio,7
2014,2014-07-08,"1849,28",8,Julio,7
2014,2014-07-07,"1848,91",7,Julio,7
2014,2014-07-06,"1848,91",6,Julio,7
2014,2014-07-05,"1848,91",5,Julio,7
2014,2014-07-04,"1848,91",4,Julio,7
2014,2014-07-03,"1856,73",3,Julio,7
2014,2014-07-02,"1865,42",2,Julio,7
2014,2014-07-01,"1881,19",1,Julio,7
2014,2014-06-30,"1881,19",30,Junio,6
2014,2014-06-29,"1881,19",29,Junio,6
2014,2014-06-28,"1881,19",28,Junio,6
2014,2014-06-27,"1886,01",27,Junio,6
2014,2014-06-26,"1880,37",26,Junio,6
2014,2014-06-25,"1886,85",25,Junio,6
2014,2014-06-24,"1884,56",24,Junio,6
2014,2014-06-23,"1884,56",23,Junio,6
2014,2014-06-22,"1884,56",22,Junio,6
2014,2014-06-21,"1884,56",21,Junio,6
2014,2014-06-20,"1881,34",20,Junio,6
2014,2014-06-19,"1895,92",19,Junio,6
2014,2014-06-18,"1899,9",18,Junio,6
2014,2014-06-17,"1886,62",17,Junio,6
2014,2014-06-16,"1877,37",16,Junio,6
2014,2014-06-15,"1877,37",15,Junio,6
2014,2014-06-14,"1877,37",14,Junio,6
2014,2014-06-13,"1877,18",13,Junio,6
2014,2014-06-12,"1884,63",12,Junio,6
2014,2014-06-11,"1884,97",11,Junio,6
2014,2014-06-10,"1883,76",10,Junio,6
2014,2014-06-09,"1886,09",9,Junio,6
2014,2014-06-08,"1886,09",8,Junio,6
2014,2014-06-07,"1886,09",7,Junio,6
2014,2014-06-06,"1892,08",6,Junio,6
2014,2014-06-05,"1897,7",5,Junio,6
2014,2014-06-04,"1899,74",4,Junio,6
2014,2014-06-03,"1900,64",3,Junio,6
2014,2014-06-02,"1900,64",2,Junio,6
2014,2014-06-01,"1900,64",1,Junio,6
2014,2014-05-31,"1900,64",31,Mayo,5
2014,2014-05-30,"1905,96",30,Mayo,5
2014,2014-05-29,"1910,8",29,Mayo,5
2014,2014-05-28,"1917,34",28,Mayo,5
2014,2014-05-27,"1905,53",27,Mayo,5
2014,2014-05-26,"1905,53",26,Mayo,5
2014,2014-05-25,"1905,53",25,Mayo,5
2014,2014-05-24,"1905,53",24,Mayo,5
2014,2014-05-23,"1905,8",23,Mayo,5
2014,2014-05-22,"1911,33",22,Mayo,5
2014,2014-05-21,"1920,41",21,Mayo,5
2014,2014-05-20,"1921,16",20,Mayo,5
2014,2014-05-19,"1925,41",19,Mayo,5
2014,2014-05-18,"1925,41",18,Mayo,5
2014,2014-05-17,"1925,41",17,Mayo,5
2014,2014-05-16,"1927,8",16,Mayo,5
2014,2014-05-15,"1925,31",15,Mayo,5
2014,2014-05-14,"1919,7",14,Mayo,5
2014,2014-05-13,"1904,85",13,Mayo,5
2014,2014-05-12,"1901,51",12,Mayo,5
2014,2014-05-11,"1901,51",11,Mayo,5
2014,2014-05-10,"1901,51",10,Mayo,5
2014,2014-05-09,"1902,15",9,Mayo,5
2014,2014-05-08,"1912,97",8,Mayo,5
2014,2014-05-07,"1918,2",7,Mayo,5
2014,2014-05-06,"1923,07",6,Mayo,5
2014,2014-05-05,"1926,3",5,Mayo,5
2014,2014-05-04,"1926,3",4,Mayo,5
2014,2014-05-03,"1926,3",3,Mayo,5
2014,2014-05-02,"1933,46",2,Mayo,5
2014,2014-05-01,"1933,46",1,Mayo,5
2014,2014-04-30,"1935,14",30,Abril,4
2014,2014-04-29,"1936,13",29,Abril,4
2014,2014-04-28,"1942,37",28,Abril,4
2014,2014-04-27,"1942,37",27,Abril,4
2014,2014-04-26,"1942,37",26,Abril,4
2014,2014-04-25,"1936,07",25,Abril,4
2014,2014-04-24,"1936,63",24,Abril,4
2014,2014-04-23,"1929,66",23,Abril,4
2014,2014-04-22,"1921,75",22,Abril,4
2014,2014-04-21,"1930,62",21,Abril,4
2014,2014-04-20,"1930,62",20,Abril,4
2014,2014-04-19,"1930,62",19,Abril,4
2014,2014-04-18,"1930,62",18,Abril,4
2014,2014-04-17,"1930,62",17,Abril,4
2014,2014-04-16,"1932,42",16,Abril,4
2014,2014-04-15,"1926,47",15,Abril,4
2014,2014-04-14,"1927,28",14,Abril,4
2014,2014-04-13,"1927,28",13,Abril,4
2014,2014-04-12,"1927,28",12,Abril,4
2014,2014-04-11,"1920,93",11,Abril,4
2014,2014-04-10,"1931,09",10,Abril,4
2014,2014-04-09,"1923,95",9,Abril,4
2014,2014-04-08,"1937,59",8,Abril,4
2014,2014-04-07,"1951,85",7,Abril,4
2014,2014-04-06,"1951,85",6,Abril,4
2014,2014-04-05,"1951,85",5,Abril,4
2014,2014-04-04,"1966,4",4,Abril,4
2014,2014-04-03,"1963,51",3,Abril,4
2014,2014-04-02,"1966,02",2,Abril,4
2014,2014-04-01,"1969,45",1,Abril,4
2014,2014-03-31,"1965,32",31,Marzo,3
2014,2014-03-30,"1965,32",30,Marzo,3
2014,2014-03-29,"1965,32",29,Marzo,3
2014,2014-03-28,"1965,64",28,Marzo,3
2014,2014-03-27,"1973,03",27,Marzo,3
2014,2014-03-26,"1978,63",26,Marzo,3
2014,2014-03-25,"1993,85",25,Marzo,3
2014,2014-03-24,"1993,85",24,Marzo,3
2014,2014-03-23,"1993,85",23,Marzo,3
2014,2014-03-22,"1993,85",22,Marzo,3
2014,2014-03-21,"1998,6",21,Marzo,3
2014,2014-03-20,"2017,38",20,Marzo,3
2014,2014-03-19,"2034,86",19,Marzo,3
2014,2014-03-18,"2035,16",18,Marzo,3
2014,2014-03-17,"2044,58",17,Marzo,3
2014,2014-03-16,"2044,58",16,Marzo,3
2014,2014-03-15,"2044,58",15,Marzo,3
2014,2014-03-14,"2044,48",14,Marzo,3
2014,2014-03-13,"2047,59",13,Marzo,3
2014,2014-03-12,"2043,59",12,Marzo,3
2014,2014-03-11,"2042,78",11,Marzo,3
2014,2014-03-10,"2036,2",10,Marzo,3
2014,2014-03-09,"2036,2",9,Marzo,3
2014,2014-03-08,"2036,2",8,Marzo,3
2014,2014-03-07,"2030,02",7,Marzo,3
2014,2014-03-06,"2045,14",6,Marzo,3
2014,2014-03-05,"2047,75",5,Marzo,3
2014,2014-03-04,"2052,51",4,Marzo,3
2014,2014-03-03,"2046,75",3,Marzo,3
2014,2014-03-02,"2046,75",2,Marzo,3
2014,2014-03-01,"2046,75",1,Marzo,3
2014,2014-02-28,"2054,9",28,Febrero,2
2014,2014-02-27,"2053,11",27,Febrero,2
2014,2014-02-26,"2045,45",26,Febrero,2
2014,2014-02-25,"2042,67",25,Febrero,2
2014,2014-02-24,"2043,96",24,Febrero,2
2014,2014-02-23,"2043,96",23,Febrero,2
2014,2014-02-22,"2043,96",22,Febrero,2
2014,2014-02-21,"2052,46",21,Febrero,2
2014,2014-02-20,"2042,22",20,Febrero,2
2014,2014-02-19,"2028,54",19,Febrero,2
2014,2014-02-18,"2022,68",18,Febrero,2
2014,2014-02-17,"2022,68",17,Febrero,2
2014,2014-02-16,"2022,68",16,Febrero,2
2014,2014-02-15,"2022,68",15,Febrero,2
2014,2014-02-14,"2032,99",14,Febrero,2
2014,2014-02-13,"2031,75",13,Febrero,2
2014,2014-02-12,"2041,61",12,Febrero,2
2014,2014-02-11,"2048,55",11,Febrero,2
2014,2014-02-10,"2046,06",10,Febrero,2
2014,2014-02-09,"2046,06",9,Febrero,2
2014,2014-02-08,"2046,06",8,Febrero,2
2014,2014-02-07,"2049,52",7,Febrero,2
2014,2014-02-06,"2048,75",6,Febrero,2
2014,2014-02-05,"2041,34",5,Febrero,2
2014,2014-02-04,"2039,85",4,Febrero,2
2014,2014-02-03,"2021,1",3,Febrero,2
2014,2014-02-02,"2021,1",2,Febrero,2
2014,2014-02-01,"2021,1",1,Febrero,2
2014,2014-01-31,"2008,26",31,Enero,1
2014,2014-01-30,"2013,17",30,Enero,1
2014,2014-01-29,"2000,56",29,Enero,1
2014,2014-01-28,"1997,91",28,Enero,1
2014,2014-01-27,"2000,48",27,Enero,1
2014,2014-01-26,"2000,48",26,Enero,1
2014,2014-01-25,"2000,48",25,Enero,1
2014,2014-01-24,"1993,23",24,Enero,1
2014,2014-01-23,"1983,48",23,Enero,1
2014,2014-01-22,"1981,98",22,Enero,1
2014,2014-01-21,"1957,86",21,Enero,1
2014,2014-01-20,"1957,86",20,Enero,1
2014,2014-01-19,"1957,86",19,Enero,1
2014,2014-01-18,"1957,86",18,Enero,1
2014,2014-01-17,"1947,15",17,Enero,1
2014,2014-01-16,"1941,45",16,Enero,1
2014,2014-01-15,"1932,59",15,Enero,1
2014,2014-01-14,"1924,79",14,Enero,1
2014,2014-01-13,"1926,55",13,Enero,1
2014,2014-01-12,"1926,55",12,Enero,1
2014,2014-01-11,"1926,55",11,Enero,1
2014,2014-01-10,"1934,88",10,Enero,1
2014,2014-01-09,"1933,24",9,Enero,1
2014,2014-01-08,"1930,45",8,Enero,1
2014,2014-01-07,"1936,92",7,Enero,1
2014,2014-01-06,"1936,92",6,Enero,1
2014,2014-01-05,"1936,92",5,Enero,1
2014,2014-01-04,"1936,92",4,Enero,1
2014,2014-01-03,"1938,89",3,Enero,1
2014,2014-01-02,"1926,83",2,Enero,1
2014,2014-01-01,"1926,83",1,Enero,1